backend,mode,rps_per_traefik,component,metric,value
victorialogs,cluster,100,vlinsert,cpu_cores_avg,0.006817211538461538
victorialogs,cluster,100,vlselect,cpu_cores_avg,0.0025456243589743587
victorialogs,cluster,100,vlstorage,cpu_cores_avg,0.02874369871794872
victorialogs,cluster,100,vlinsert,mem_ws_max_bytes,21495808
victorialogs,cluster,100,vlselect,mem_ws_max_bytes,36155392
victorialogs,cluster,100,vlstorage,mem_ws_max_bytes,124583936
victorialogs,cluster,100,vlstorage,mem_ws_max_bytes,102461440
victorialogs,cluster,100,vlstorage,mem_ws_max_bytes,119042048
victorialogs,cluster,100,vlinsert,mem_rss_max_bytes,20590592
victorialogs,cluster,100,vlselect,mem_rss_max_bytes,35422208
victorialogs,cluster,100,vlstorage,mem_rss_max_bytes,119791616
victorialogs,cluster,100,vlstorage,mem_rss_max_bytes,99356672
victorialogs,cluster,100,vlstorage,mem_rss_max_bytes,115798016
victorialogs,cluster,100,backend,cpu_cores_avg,0.03810653461538461
victorialogs,cluster,100,backend,mem_ws_max_bytes,396926976
victorialogs,cluster,100,traefik,rps_achieved,200
victorialogs,cluster,100,fluent-bit,records_in,156157
victorialogs,cluster,100,fluent-bit,records_out,156157
victorialogs,cluster,100,fluent-bit,retries,0
victorialogs,cluster,100,fluent-bit,errors,0
victorialogs,cluster,100,192.168.1.63:9100,disk_delta_bytes,-2990080
victorialogs,cluster,100,192.168.1.64:9100,disk_delta_bytes,-3850240
victorialogs,cluster,100,192.168.1.65:9100,disk_delta_bytes,-3178496
victorialogs,cluster,500,vlinsert,cpu_cores_avg,0.021955756410256416
victorialogs,cluster,500,vlselect,cpu_cores_avg,0.0007263358974358975
victorialogs,cluster,500,vlstorage,cpu_cores_avg,0.06579761153846155
victorialogs,cluster,500,vlinsert,mem_ws_max_bytes,42070016
victorialogs,cluster,500,vlselect,mem_ws_max_bytes,13471744
victorialogs,cluster,500,vlstorage,mem_ws_max_bytes,138932224
victorialogs,cluster,500,vlstorage,mem_ws_max_bytes,163086336
victorialogs,cluster,500,vlstorage,mem_ws_max_bytes,153341952
victorialogs,cluster,500,vlinsert,mem_rss_max_bytes,41226240
victorialogs,cluster,500,vlselect,mem_rss_max_bytes,12738560
victorialogs,cluster,500,vlstorage,mem_rss_max_bytes,133738496
victorialogs,cluster,500,vlstorage,mem_rss_max_bytes,158199808
victorialogs,cluster,500,vlstorage,mem_rss_max_bytes,148762624
victorialogs,cluster,500,backend,cpu_cores_avg,0.08847970384615386
victorialogs,cluster,500,backend,mem_ws_max_bytes,485359616
victorialogs,cluster,500,traefik,rps_achieved,1000
victorialogs,cluster,500,fluent-bit,records_in,780161
victorialogs,cluster,500,fluent-bit,records_out,780160
victorialogs,cluster,500,fluent-bit,retries,0
victorialogs,cluster,500,fluent-bit,errors,0
victorialogs,cluster,500,192.168.1.63:9100,disk_delta_bytes,-12754944
victorialogs,cluster,500,192.168.1.64:9100,disk_delta_bytes,-11165696
victorialogs,cluster,500,192.168.1.65:9100,disk_delta_bytes,-13430784
victorialogs,cluster,1000,vlinsert,cpu_cores_avg,0.04367493717948718
victorialogs,cluster,1000,vlselect,cpu_cores_avg,0.0007607358974358977
victorialogs,cluster,1000,vlstorage,cpu_cores_avg,0.11002883846153845
victorialogs,cluster,1000,vlinsert,mem_ws_max_bytes,88219648
victorialogs,cluster,1000,vlselect,mem_ws_max_bytes,13189120
victorialogs,cluster,1000,vlstorage,mem_ws_max_bytes,176832512
victorialogs,cluster,1000,vlstorage,mem_ws_max_bytes,203833344
victorialogs,cluster,1000,vlstorage,mem_ws_max_bytes,193044480
victorialogs,cluster,1000,vlinsert,mem_rss_max_bytes,87056384
victorialogs,cluster,1000,vlselect,mem_rss_max_bytes,12455936
victorialogs,cluster,1000,vlstorage,mem_rss_max_bytes,171110400
victorialogs,cluster,1000,vlstorage,mem_rss_max_bytes,198762496
victorialogs,cluster,1000,vlstorage,mem_rss_max_bytes,187908096
victorialogs,cluster,1000,backend,cpu_cores_avg,0.15446451153846155
victorialogs,cluster,1000,backend,mem_ws_max_bytes,645861376
victorialogs,cluster,1000,traefik,rps_achieved,2000
victorialogs,cluster,1000,fluent-bit,records_in,1560155
victorialogs,cluster,1000,fluent-bit,records_out,1560170
victorialogs,cluster,1000,fluent-bit,retries,0
victorialogs,cluster,1000,fluent-bit,errors,0
victorialogs,cluster,1000,192.168.1.63:9100,disk_delta_bytes,-24870912
victorialogs,cluster,1000,192.168.1.64:9100,disk_delta_bytes,-26324992
victorialogs,cluster,1000,192.168.1.65:9100,disk_delta_bytes,-24317952
victorialogs,cluster,2000,vlinsert,cpu_cores_avg,0.10372109743589744
victorialogs,cluster,2000,vlselect,cpu_cores_avg,0.0008943948717948719
victorialogs,cluster,2000,vlstorage,cpu_cores_avg,0.1985360807692308
victorialogs,cluster,2000,vlinsert,mem_ws_max_bytes,115073024
victorialogs,cluster,2000,vlselect,mem_ws_max_bytes,13144064
victorialogs,cluster,2000,vlstorage,mem_ws_max_bytes,176955392
victorialogs,cluster,2000,vlstorage,mem_ws_max_bytes,221106176
victorialogs,cluster,2000,vlstorage,mem_ws_max_bytes,198434816
victorialogs,cluster,2000,vlinsert,mem_rss_max_bytes,114151424
victorialogs,cluster,2000,vlselect,mem_rss_max_bytes,12410880
victorialogs,cluster,2000,vlstorage,mem_rss_max_bytes,169967616
victorialogs,cluster,2000,vlstorage,mem_rss_max_bytes,214745088
victorialogs,cluster,2000,vlstorage,mem_rss_max_bytes,191733760
victorialogs,cluster,2000,backend,cpu_cores_avg,0.3031515730769231
victorialogs,cluster,2000,backend,mem_ws_max_bytes,700678144
victorialogs,cluster,2000,traefik,rps_achieved,3999.994871794872
victorialogs,cluster,2000,fluent-bit,records_in,3120123
victorialogs,cluster,2000,fluent-bit,records_out,3120123
victorialogs,cluster,2000,fluent-bit,retries,0
victorialogs,cluster,2000,fluent-bit,errors,0
victorialogs,cluster,2000,192.168.1.63:9100,disk_delta_bytes,-49774592
victorialogs,cluster,2000,192.168.1.64:9100,disk_delta_bytes,-50012160
victorialogs,cluster,2000,192.168.1.65:9100,disk_delta_bytes,-50135040
victorialogs,cluster,0,vlinsert,cpu_cores_avg,0.01259115166666665
victorialogs,cluster,0,vlselect,cpu_cores_avg,0.0009544116666666666
victorialogs,cluster,0,vlstorage,cpu_cores_avg,0.02684708999999998
victorialogs,cluster,0,vlinsert,mem_ws_max_bytes,81448960
victorialogs,cluster,0,vlselect,mem_ws_max_bytes,13430784
victorialogs,cluster,0,vlstorage,mem_ws_max_bytes,172449792
victorialogs,cluster,0,vlstorage,mem_ws_max_bytes,195350528
victorialogs,cluster,0,vlstorage,mem_ws_max_bytes,159531008
victorialogs,cluster,0,vlinsert,mem_rss_max_bytes,80273408
victorialogs,cluster,0,vlselect,mem_rss_max_bytes,12697600
victorialogs,cluster,0,vlstorage,mem_rss_max_bytes,164466688
victorialogs,cluster,0,vlstorage,mem_rss_max_bytes,187064320
victorialogs,cluster,0,vlstorage,mem_rss_max_bytes,151560192
victorialogs,cluster,0,backend,cpu_cores_avg,0.04039265333333329
victorialogs,cluster,0,backend,mem_ws_max_bytes,625573888
victorialogs,cluster,0,traefik,rps_achieved,386.175
victorialogs,cluster,0,fluent-bit,records_in,128695
victorialogs,cluster,0,fluent-bit,records_out,132696
victorialogs,cluster,0,fluent-bit,retries,0
victorialogs,cluster,0,fluent-bit,errors,0
victorialogs,cluster,0,192.168.1.63:9100,disk_delta_bytes,-3727360
victorialogs,cluster,0,192.168.1.64:9100,disk_delta_bytes,-3923968
victorialogs,cluster,0,192.168.1.65:9100,disk_delta_bytes,-3190784
